ID,Data,Produto,Categoria,Quantidade,Preço
1,2023-01-01,Notebook,Eletrônicos,7.0,3500.0
2,2023-01-02,Camiseta,Vestuário,4.0,80.0
3,2023-01-02,Fogão,Eletrodomésticos,8.0,1500.0
4,2023-01-02,Geladeira,Eletrodomésticos,5.0,2500.0
5,2023-01-03,Smartphone,Eletrônicos,7.0,2000.0
6,2023-01-03,Calça,Vestuário,3.0,120.0
7,2023-01-03,Notebook,Eletrônicos,7.0,3500.0
8,2023-01-03,Camiseta,Vestuário,8.0,80.0
9,2023-01-03,Calça,Vestuário,5.0,120.0
10,2023-01-04,Calça,Vestuário,4.0,120.0
11,2023-01-05,Calça,Vestuário,8.0,120.0
12,2023-01-05,Calça,Vestuário,8.0,120.0
13,2023-01-05,Camiseta,Vestuário,3.0,80.0
14,2023-01-05,Sandália,Calçados,6.0,150.0
15,2023-01-05,Tênis,Calçados,5.0,300.0
16,2023-01-06,Tênis,Calçados,2.0,300.0
17,2023-01-06,Camiseta,Vestuário,8.0,80.0
18,2023-01-07,Camiseta,Vestuário,6.0,80.0
19,2023-01-07,Tênis,Calçados,2.0,300.0
20,2023-01-08,Geladeira,Eletrodomésticos,5.0,2500.0
21,2023-01-09,Camiseta,Vestuário,1.0,80.0
22,2023-01-10,Calça,Vestuário,6.0,120.0
23,2023-01-10,Sandália,Calçados,9.0,150.0
24,2023-01-10,Tênis,Calçados,1.0,300.0
25,2023-01-11,Geladeira,Eletrodomésticos,3.0,2500.0
26,2023-01-11,Livro,Papelaria,7.0,50.0
27,2023-01-11,Smartphone,Eletrônicos,4.0,2000.0
28,2023-01-11,Camiseta,Vestuário,9.0,80.0
29,2023-01-11,Calça,Vestuário,3.0,120.0
30,2023-01-12,Calça,Vestuário,5.0,120.0
31,2023-01-12,Tênis,Calçados,3.0,300.0
32,2023-01-12,Smartphone,Eletrônicos,7.0,2000.0
33,2023-01-13,Sandália,Calçados,5.0,150.0
34,2023-01-13,Caneta,Papelaria,9.0,5.0
35,2023-01-14,Sandália,Calçados,7.0,150.0
36,2023-01-14,Camiseta,Vestuário,2.0,80.0
37,2023-01-15,Calça,Vestuário,4.0,120.0
38,2023-01-15,Camiseta,Vestuário,9.0,80.0
39,2023-01-15,Camiseta,Vestuário,2.0,80.0
40,2023-01-15,Camiseta,Vestuário,9.0,80.0
41,2023-01-16,Tênis,Calçados,5.0,300.0
42,2023-01-16,Tênis,Calçados,2.0,300.0
43,2023-01-16,Smartphone,Eletrônicos,4.0,2000.0
44,2023-01-17,Calça,Vestuário,7.0,120.0
45,2023-01-17,Camiseta,Vestuário,8.0,80.0
46,2023-01-18,Camiseta,Vestuário,3.0,80.0
47,2023-01-18,Caneta,Papelaria,1.0,5.0
48,2023-01-18,Tênis,Calçados,4.0,300.0
49,2023-01-18,Calça,Vestuário,2.0,120.0
50,2023-01-19,Sandália,Calçados,8.0,150.0
51,2023-01-19,Sandália,Calçados,4.0,150.0
52,2023-01-19,Camiseta,Vestuário,2.0,80.0
53,2023-01-20,Sandália,Calçados,6.0,150.0
54,2023-01-21,Camiseta,Vestuário,6.0,80.0
55,2023-01-21,Camiseta,Vestuário,4.0,80.0
56,2023-01-21,Livro,Papelaria,6.0,50.0
57,2023-01-21,Sandália,Calçados,2.0,150.0
58,2023-01-22,Camiseta,Vestuário,2.0,80.0
59,2023-01-22,Calça,Vestuário,4.0,120.0
60,2023-01-22,Sandália,Calçados,8.0,150.0
61,2023-01-23,Fogão,Eletrodomésticos,7.0,1500.0
62,2023-01-23,Fogão,Eletrodomésticos,9.0,1500.0
63,2023-01-23,Tênis,Calçados,8.0,300.0
64,2023-01-23,Calça,Vestuário,5.0,120.0
65,2023-01-24,Calça,Vestuário,2.0,120.0
66,2023-01-24,Calça,Vestuário,5.0,120.0
67,2023-01-24,Camiseta,Vestuário,8.0,80.0
68,2023-01-24,Caneta,Papelaria,9.0,5.0
69,2023-01-24,Fogão,Eletrodomésticos,9.0,1500.0
70,2023-01-25,Geladeira,Eletrodomésticos,1.0,2500.0
71,2023-01-25,Smartphone,Eletrônicos,9.0,2000.0
72,2023-01-25,Geladeira,Eletrodomésticos,7.0,2500.0
73,2023-01-25,Calça,Vestuário,9.0,120.0
74,2023-01-26,Calça,Vestuário,8.0,120.0
75,2023-01-26,Camiseta,Vestuário,1.0,80.0
76,2023-01-26,Calça,Vestuário,8.0,120.0
77,2023-01-26,Calça,Vestuário,8.0,120.0
78,2023-01-27,Caneta,Papelaria,3.0,5.0
79,2023-01-27,Sandália,Calçados,1.0,150.0
80,2023-01-27,Notebook,Eletrônicos,8.0,3500.0
81,2023-01-28,Tênis,Calçados,3.0,300.0
82,2023-01-29,Tênis,Calçados,3.0,300.0
83,2023-01-29,Tênis,Calçados,1.0,300.0
84,2023-01-29,Camiseta,Vestuário,5.0,80.0
85,2023-01-29,Camiseta,Vestuário,7.0,80.0
86,2023-01-29,Fogão,Eletrodomésticos,9.0,1500.0
87,2023-01-30,Livro,Papelaria,7.0,50.0
88,2023-01-31,Caneta,Papelaria,9.0,5.0
89,2023-01-31,Tênis,Calçados,8.0,300.0
90,2023-01-31,Calça,Vestuário,2.0,120.0
91,2023-02-01,Sandália,Calçados,1.0,150.0
92,2023-02-02,Sandália,Calçados,7.0,150.0
93,2023-02-02,Calça,Vestuário,7.0,120.0
94,2023-02-02,Camiseta,Vestuário,8.0,80.0
95,2023-02-03,Tênis,Calçados,5.0,300.0
96,2023-02-03,Calça,Vestuário,3.0,120.0
97,2023-02-03,Sandália,Calçados,8.0,150.0
98,2023-02-04,Livro,Papelaria,6.0,50.0
99,2023-02-04,Calça,Vestuário,3.0,120.0
100,2023-02-04,Calça,Vestuário,1.0,120.0
101,2023-02-04,Geladeira,Eletrodomésticos,3.0,2500.0
102,2023-02-04,Camiseta,Vestuário,5.0,80.0
103,2023-02-05,Camiseta,Vestuário,3.0,80.0
104,2023-02-05,Camiseta,Vestuário,1.0,80.0
105,2023-02-05,Calça,Vestuário,5.0,120.0
106,2023-02-06,Smartphone,Eletrônicos,7.0,2000.0
107,2023-02-07,Sandália,Calçados,7.0,150.0
108,2023-02-07,Caneta,Papelaria,9.0,5.0
109,2023-02-07,Calça,Vestuário,3.0,120.0
110,2023-02-07,Geladeira,Eletrodomésticos,7.0,2500.0
111,2023-02-08,Livro,Papelaria,1.0,50.0
112,2023-02-08,Fogão,Eletrodomésticos,4.0,1500.0
113,2023-02-08,Calça,Vestuário,4.0,120.0
114,2023-02-08,Calça,Vestuário,5.0,120.0
115,2023-02-09,Livro,Papelaria,7.0,50.0
116,2023-02-09,Tênis,Calçados,7.0,300.0
117,2023-02-10,Tênis,Calçados,4.0,300.0
118,2023-02-10,Camiseta,Vestuário,7.0,80.0
119,2023-02-11,Calça,Vestuário,3.0,120.0
120,2023-02-11,Calça,Vestuário,6.0,120.0
121,2023-02-11,Geladeira,Eletrodomésticos,2.0,2500.0
122,2023-02-12,Smartphone,Eletrônicos,9.0,2000.0
123,2023-02-12,Notebook,Eletrônicos,5.0,3500.0
124,2023-02-13,Camiseta,Vestuário,6.0,80.0
125,2023-02-13,Camiseta,Vestuário,4.0,80.0
126,2023-02-13,Smartphone,Eletrônicos,7.0,2000.0
127,2023-02-13,Calça,Vestuário,9.0,120.0
128,2023-02-13,Camiseta,Vestuário,7.0,80.0
129,2023-02-14,Sandália,Calçados,1.0,150.0
130,2023-02-15,Calça,Vestuário,1.0,120.0
131,2023-02-16,Tênis,Calçados,9.0,300.0
132,2023-02-16,Camiseta,Vestuário,9.0,80.0
133,2023-02-16,Geladeira,Eletrodomésticos,4.0,2500.0
134,2023-02-17,Calça,Vestuário,9.0,120.0
135,2023-02-17,Camiseta,Vestuário,3.0,80.0
136,2023-02-17,Calça,Vestuário,7.0,120.0
137,2023-02-17,Camiseta,Vestuário,6.0,80.0
138,2023-02-17,Geladeira,Eletrodomésticos,8.0,2500.0
139,2023-02-18,Camiseta,Vestuário,9.0,80.0
140,2023-02-18,Calça,Vestuário,5.0,120.0
141,2023-02-18,Sandália,Calçados,1.0,150.0
142,2023-02-18,Smartphone,Eletrônicos,3.0,2000.0
143,2023-02-19,Smartphone,Eletrônicos,8.0,2000.0
144,2023-02-20,Sandália,Calçados,6.0,150.0
145,2023-02-20,Geladeira,Eletrodomésticos,8.0,2500.0
146,2023-02-20,Camiseta,Vestuário,9.0,80.0
147,2023-02-21,Calça,Vestuário,4.0,120.0
148,2023-02-21,Calça,Vestuário,1.0,120.0
149,2023-02-21,Camiseta,Vestuário,1.0,80.0
150,2023-02-21,Camiseta,Vestuário,4.0,80.0
151,2023-02-21,Livro,Papelaria,7.0,50.0
152,2023-02-22,Sandália,Calçados,2.0,150.0
153,2023-02-22,Sandália,Calçados,3.0,150.0
154,2023-02-22,Geladeira,Eletrodomésticos,1.0,2500.0
155,2023-02-22,Tênis,Calçados,5.0,300.0
156,2023-02-23,Sandália,Calçados,1.0,150.0
157,2023-02-23,Caneta,Papelaria,8.0,5.0
158,2023-02-23,Livro,Papelaria,1.0,50.0
159,2023-02-23,Sandália,Calçados,1.0,150.0
160,2023-02-23,Fogão,Eletrodomésticos,2.0,1500.0
161,2023-02-24,Calça,Vestuário,2.0,120.0
162,2023-02-24,Sandália,Calçados,6.0,150.0
163,2023-02-24,Sandália,Calçados,7.0,150.0
164,2023-02-24,Fogão,Eletrodomésticos,5.0,1500.0
165,2023-02-25,Caneta,Papelaria,1.0,5.0
166,2023-02-26,Livro,Papelaria,1.0,50.0
167,2023-02-26,Sandália,Calçados,3.0,150.0
168,2023-02-26,Camiseta,Vestuário,2.0,80.0
169,2023-02-27,Tênis,Calçados,5.0,300.0
170,2023-02-27,Calça,Vestuário,6.0,120.0
171,2023-02-27,Camiseta,Vestuário,7.0,80.0
172,2023-02-27,Camiseta,Vestuário,4.0,80.0
173,2023-02-27,Smartphone,Eletrônicos,7.0,2000.0
174,2023-02-28,Smartphone,Eletrônicos,8.0,2000.0
175,2023-02-28,Camiseta,Vestuário,1.0,80.0
176,2023-02-28,Smartphone,Eletrônicos,6.0,2000.0
177,2023-02-28,Calça,Vestuário,8.0,120.0
178,2023-02-28,Livro,Papelaria,5.0,50.0
179,2023-03-01,Fogão,Eletrodomésticos,4.0,1500.0
180,2023-03-01,Caneta,Papelaria,2.0,5.0
181,2023-03-01,Smartphone,Eletrônicos,6.0,2000.0
182,2023-03-01,Camiseta,Vestuário,6.0,80.0
183,2023-03-01,Livro,Papelaria,1.0,50.0
184,2023-03-02,Tênis,Calçados,9.0,300.0
185,2023-03-02,Caneta,Papelaria,6.0,5.0
186,2023-03-03,Camiseta,Vestuário,3.0,80.0
187,2023-03-03,Livro,Papelaria,4.0,50.0
188,2023-03-03,Livro,Papelaria,4.0,50.0
189,2023-03-03,Sandália,Calçados,3.0,150.0
190,2023-03-03,Livro,Papelaria,3.0,50.0
191,2023-03-04,Calça,Vestuário,3.0,120.0
192,2023-03-04,Camiseta,Vestuário,4.0,80.0
193,2023-03-04,Livro,Papelaria,7.0,50.0
194,2023-03-04,Calça,Vestuário,4.0,120.0
195,2023-03-04,Camiseta,Vestuário,9.0,80.0
196,2023-03-05,Livro,Papelaria,1.0,50.0
197,2023-03-05,Calça,Vestuário,8.0,120.0
198,2023-03-06,Caneta,Papelaria,7.0,5.0
199,2023-03-06,Caneta,Papelaria,2.0,5.0
200,2023-03-06,Notebook,Eletrônicos,8.0,3500.0
201,2023-03-07,Caneta,Papelaria,1.0,5.0
202,2023-03-07,Caneta,Papelaria,9.0,5.0
203,2023-03-07,Smartphone,Eletrônicos,9.0,2000.0
204,2023-03-07,Camiseta,Vestuário,2.0,80.0
205,2023-03-07,Camiseta,Vestuário,7.0,80.0
206,2023-03-08,Caneta,Papelaria,3.0,5.0
207,2023-03-08,Caneta,Papelaria,7.0,5.0
208,2023-03-08,Tênis,Calçados,9.0,300.0
209,2023-03-09,Sandália,Calçados,4.0,150.0
210,2023-03-09,Livro,Papelaria,1.0,50.0
211,2023-03-10,Livro,Papelaria,2.0,50.0
212,2023-03-10,Caneta,Papelaria,1.0,5.0
213,2023-03-10,Livro,Papelaria,5.0,50.0
214,2023-03-11,Livro,Papelaria,5.0,50.0
215,2023-03-12,Calça,Vestuário,7.0,120.0
216,2023-03-12,Livro,Papelaria,9.0,50.0
217,2023-03-12,Caneta,Papelaria,9.0,5.0
218,2023-03-12,Geladeira,Eletrodomésticos,3.0,2500.0
219,2023-03-12,Geladeira,Eletrodomésticos,3.0,2500.0
220,2023-03-13,Caneta,Papelaria,3.0,5.0
221,2023-03-14,Camiseta,Vestuário,4.0,80.0
222,2023-03-14,Livro,Papelaria,8.0,50.0
223,2023-03-15,Camiseta,Vestuário,6.0,80.0
224,2023-03-15,Livro,Papelaria,8.0,50.0
225,2023-03-15,Camiseta,Vestuário,1.0,80.0
226,2023-03-16,Camiseta,Vestuário,8.0,80.0
227,2023-03-16,Caneta,Papelaria,4.0,5.0
228,2023-03-16,Smartphone,Eletrônicos,1.0,2000.0
229,2023-03-16,Livro,Papelaria,8.0,50.0
230,2023-03-17,Notebook,Eletrônicos,4.0,3500.0
231,2023-03-17,Calça,Vestuário,6.0,120.0
232,2023-03-17,Geladeira,Eletrodomésticos,8.0,2500.0
233,2023-03-18,Fogão,Eletrodomésticos,4.0,1500.0
234,2023-03-18,Sandália,Calçados,3.0,150.0
235,2023-03-18,Livro,Papelaria,9.0,50.0
236,2023-03-19,Notebook,Eletrônicos,3.0,3500.0
237,2023-03-19,Smartphone,Eletrônicos,9.0,2000.0
238,2023-03-19,Caneta,Papelaria,2.0,5.0
239,2023-03-19,Caneta,Papelaria,2.0,5.0
240,2023-03-19,Livro,Papelaria,2.0,50.0
241,2023-03-20,Livro,Papelaria,6.0,50.0
242,2023-03-20,Fogão,Eletrodomésticos,3.0,1500.0
243,2023-03-20,Geladeira,Eletrodomésticos,9.0,2500.0
244,2023-03-21,Tênis,Calçados,4.0,300.0
245,2023-03-21,Caneta,Papelaria,1.0,5.0
246,2023-03-21,Caneta,Papelaria,4.0,5.0
247,2023-03-22,Caneta,Papelaria,1.0,5.0
248,2023-03-23,Livro,Papelaria,5.0,50.0
249,2023-03-23,Livro,Papelaria,4.0,50.0
250,2023-03-24,Caneta,Papelaria,8.0,5.0
251,2023-03-24,Caneta,Papelaria,8.0,5.0
252,2023-03-24,Tênis,Calçados,7.0,300.0
253,2023-03-25,Caneta,Papelaria,3.0,5.0
254,2023-03-25,Caneta,Papelaria,1.0,5.0
255,2023-03-25,Camiseta,Vestuário,1.0,80.0
256,2023-03-25,Fogão,Eletrodomésticos,3.0,1500.0
257,2023-03-25,Caneta,Papelaria,6.0,5.0
258,2023-03-26,Caneta,Papelaria,7.0,5.0
259,2023-03-26,Notebook,Eletrônicos,6.0,3500.0
260,2023-03-27,Caneta,Papelaria,6.0,5.0
261,2023-03-27,Sandália,Calçados,6.0,150.0
262,2023-03-27,Livro,Papelaria,3.0,50.0
263,2023-03-28,Camiseta,Vestuário,6.0,80.0
264,2023-03-28,Caneta,Papelaria,8.0,5.0
265,2023-03-29,Tênis,Calçados,2.0,300.0
266,2023-03-30,Caneta,Papelaria,5.0,5.0
267,2023-03-31,Camiseta,Vestuário,1.0,80.0
268,2023-03-31,Caneta,Papelaria,1.0,5.0
269,2023-04-01,Calça,Vestuário,5.0,120.0
270,2023-04-01,Caneta,Papelaria,3.0,5.0
271,2023-04-01,Camiseta,Vestuário,4.0,80.0
272,2023-04-02,Livro,Papelaria,3.0,50.0
273,2023-04-03,Calça,Vestuário,1.0,120.0
274,2023-04-03,Caneta,Papelaria,1.0,5.0
275,2023-04-03,Caneta,Papelaria,5.0,5.0
276,2023-04-03,Calça,Vestuário,6.0,120.0
277,2023-04-04,Tênis,Calçados,3.0,300.0
278,2023-04-04,Caneta,Papelaria,9.0,5.0
279,2023-04-04,Livro,Papelaria,5.0,50.0
280,2023-04-04,Caneta,Papelaria,8.0,5.0
281,2023-04-04,Geladeira,Eletrodomésticos,1.0,2500.0
282,2023-04-05,Fogão,Eletrodomésticos,5.0,1500.0
283,2023-04-05,Caneta,Papelaria,3.0,5.0
284,2023-04-05,Camiseta,Vestuário,1.0,80.0
285,2023-04-06,Livro,Papelaria,4.0,50.0
286,2023-04-07,Caneta,Papelaria,5.0,5.0
287,2023-04-07,Calça,Vestuário,7.0,120.0
288,2023-04-07,Livro,Papelaria,1.0,50.0
289,2023-04-08,Geladeira,Eletrodomésticos,3.0,2500.0
290,2023-04-08,Caneta,Papelaria,2.0,5.0
291,2023-04-08,Camiseta,Vestuário,9.0,80.0
292,2023-04-08,Notebook,Eletrônicos,6.0,3500.0
293,2023-04-08,Sandália,Calçados,3.0,150.0
294,2023-04-09,Caneta,Papelaria,8.0,5.0
295,2023-04-09,Livro,Papelaria,8.0,50.0
296,2023-04-09,Livro,Papelaria,2.0,50.0
297,2023-04-09,Caneta,Papelaria,6.0,5.0
298,2023-04-09,Livro,Papelaria,7.0,50.0
299,2023-04-10,Sandália,Calçados,2.0,150.0
300,2023-04-10,Caneta,Papelaria,2.0,5.0
301,2023-04-10,Caneta,Papelaria,1.0,5.0
302,2023-04-11,Calça,Vestuário,5.0,120.0
303,2023-04-11,Caneta,Papelaria,1.0,5.0
304,2023-04-11,Livro,Papelaria,9.0,50.0
305,2023-04-11,Calça,Vestuário,6.0,120.0
306,2023-04-11,Calça,Vestuário,7.0,120.0
307,2023-04-12,Calça,Vestuário,7.0,120.0
308,2023-04-12,Livro,Papelaria,3.0,50.0
309,2023-04-12,Livro,Papelaria,2.0,50.0
310,2023-04-12,Camiseta,Vestuário,9.0,80.0
311,2023-04-13,Livro,Papelaria,8.0,50.0
312,2023-04-13,Caneta,Papelaria,7.0,5.0
313,2023-04-13,Livro,Papelaria,9.0,50.0
314,2023-04-13,Calça,Vestuário,4.0,120.0
315,2023-04-14,Caneta,Papelaria,4.0,5.0
316,2023-04-14,Calça,Vestuário,1.0,120.0
317,2023-04-14,Camiseta,Vestuário,8.0,80.0
318,2023-04-14,Caneta,Papelaria,3.0,5.0
319,2023-04-14,Livro,Papelaria,7.0,50.0
320,2023-04-15,Livro,Papelaria,2.0,50.0
321,2023-04-15,Sandália,Calçados,2.0,150.0
322,2023-04-15,Camiseta,Vestuário,7.0,80.0
323,2023-04-16,Caneta,Papelaria,6.0,5.0
324,2023-04-16,Caneta,Papelaria,3.0,5.0
325,2023-04-16,Caneta,Papelaria,9.0,5.0
326,2023-04-16,Livro,Papelaria,6.0,50.0
327,2023-04-17,Livro,Papelaria,6.0,50.0
328,2023-04-17,Livro,Papelaria,1.0,50.0
329,2023-04-17,Calça,Vestuário,4.0,120.0
330,2023-04-18,Livro,Papelaria,6.0,50.0
331,2023-04-18,Camiseta,Vestuário,6.0,80.0
332,2023-04-19,Fogão,Eletrodomésticos,5.0,1500.0
333,2023-04-19,Smartphone,Eletrônicos,1.0,2000.0
334,2023-04-20,Livro,Papelaria,8.0,50.0
335,2023-04-20,Caneta,Papelaria,5.0,5.0
336,2023-04-20,Livro,Papelaria,5.0,50.0
337,2023-04-20,Caneta,Papelaria,7.0,5.0
338,2023-04-21,Camiseta,Vestuário,4.0,80.0
339,2023-04-21,Livro,Papelaria,6.0,50.0
340,2023-04-21,Livro,Papelaria,4.0,50.0
341,2023-04-21,Camiseta,Vestuário,3.0,80.0
342,2023-04-21,Livro,Papelaria,7.0,50.0
343,2023-04-22,Caneta,Papelaria,8.0,5.0
344,2023-04-23,Caneta,Papelaria,4.0,5.0
345,2023-04-24,Fogão,Eletrodomésticos,2.0,1500.0
346,2023-04-24,Caneta,Papelaria,3.0,5.0
347,2023-04-25,Livro,Papelaria,1.0,50.0
348,2023-04-25,Livro,Papelaria,8.0,50.0
349,2023-04-25,Caneta,Papelaria,3.0,5.0
350,2023-04-25,Geladeira,Eletrodomésticos,7.0,2500.0
351,2023-04-25,Geladeira,Eletrodomésticos,5.0,2500.0
352,2023-04-26,Livro,Papelaria,5.0,50.0
353,2023-04-26,Caneta,Papelaria,7.0,5.0
354,2023-04-26,Livro,Papelaria,9.0,50.0
355,2023-04-26,Caneta,Papelaria,5.0,5.0
356,2023-04-27,Livro,Papelaria,1.0,50.0
357,2023-04-27,Livro,Papelaria,1.0,50.0
358,2023-04-27,Livro,Papelaria,2.0,50.0
359,2023-04-27,Caneta,Papelaria,6.0,5.0
360,2023-04-28,Sandália,Calçados,9.0,150.0
361,2023-04-28,Fogão,Eletrodomésticos,8.0,1500.0
362,2023-04-28,Caneta,Papelaria,5.0,5.0
363,2023-04-28,Sandália,Calçados,1.0,150.0
364,2023-04-28,Caneta,Papelaria,7.0,5.0
365,2023-04-29,Caneta,Papelaria,5.0,5.0
366,2023-04-29,Livro,Papelaria,6.0,50.0
367,2023-04-29,Livro,Papelaria,7.0,50.0
368,2023-04-30,Sandália,Calçados,3.0,150.0
369,2023-04-30,Livro,Papelaria,3.0,50.0
370,2023-04-30,Camiseta,Vestuário,5.0,80.0
371,2023-05-01,Calça,Vestuário,6.0,120.0
372,2023-05-01,Livro,Papelaria,9.0,50.0
373,2023-05-01,Fogão,Eletrodomésticos,5.0,1500.0
374,2023-05-02,Tênis,Calçados,1.0,300.0
375,2023-05-02,Fogão,Eletrodomésticos,4.0,1500.0
376,2023-05-03,Smartphone,Eletrônicos,5.0,2000.0
377,2023-05-03,Tênis,Calçados,5.0,300.0
378,2023-05-04,Livro,Papelaria,7.0,50.0
379,2023-05-04,Smartphone,Eletrônicos,4.0,2000.0
380,2023-05-04,Caneta,Papelaria,1.0,5.0
381,2023-05-04,Tênis,Calçados,5.0,300.0
382,2023-05-04,Caneta,Papelaria,7.0,5.0
383,2023-05-05,Caneta,Papelaria,6.0,5.0
384,2023-05-06,Tênis,Calçados,5.0,300.0
385,2023-05-06,Notebook,Eletrônicos,4.0,3500.0
386,2023-05-06,Calça,Vestuário,2.0,120.0
387,2023-05-06,Caneta,Papelaria,4.0,5.0
388,2023-05-06,Caneta,Papelaria,3.0,5.0
389,2023-05-07,Livro,Papelaria,1.0,50.0
390,2023-05-07,Caneta,Papelaria,8.0,5.0
391,2023-05-07,Caneta,Papelaria,5.0,5.0
392,2023-05-07,Caneta,Papelaria,4.0,5.0
393,2023-05-08,Camiseta,Vestuário,8.0,80.0
394,2023-05-08,Sandália,Calçados,7.0,150.0
395,2023-05-08,Notebook,Eletrônicos,2.0,3500.0
396,2023-05-08,Calça,Vestuário,1.0,120.0
397,2023-05-09,Livro,Papelaria,4.0,50.0
398,2023-05-09,Caneta,Papelaria,8.0,5.0
399,2023-05-09,Caneta,Papelaria,2.0,5.0
400,2023-05-09,Caneta,Papelaria,3.0,5.0
401,2023-05-10,Notebook,Eletrônicos,1.0,3500.0
402,2023-05-10,Tênis,Calçados,1.0,300.0
403,2023-05-10,Livro,Papelaria,3.0,50.0
404,2023-05-10,Notebook,Eletrônicos,5.0,3500.0
405,2023-05-10,Livro,Papelaria,3.0,50.0
406,2023-05-11,Caneta,Papelaria,1.0,5.0
407,2023-05-11,Fogão,Eletrodomésticos,1.0,1500.0
408,2023-05-12,Tênis,Calçados,8.0,300.0
409,2023-05-12,Camiseta,Vestuário,2.0,80.0
410,2023-05-12,Calça,Vestuário,3.0,120.0
411,2023-05-13,Calça,Vestuário,2.0,120.0
412,2023-05-13,Caneta,Papelaria,3.0,5.0
413,2023-05-13,Sandália,Calçados,7.0,150.0
414,2023-05-13,Caneta,Papelaria,1.0,5.0
415,2023-05-14,Notebook,Eletrônicos,8.0,3500.0
416,2023-05-14,Livro,Papelaria,2.0,50.0
417,2023-05-14,Caneta,Papelaria,3.0,5.0
418,2023-05-14,Calça,Vestuário,9.0,120.0
419,2023-05-15,Caneta,Papelaria,7.0,5.0
420,2023-05-16,Caneta,Papelaria,4.0,5.0
421,2023-05-17,Camiseta,Vestuário,5.0,80.0
422,2023-05-17,Notebook,Eletrônicos,2.0,3500.0
423,2023-05-18,Camiseta,Vestuário,8.0,80.0
424,2023-05-18,Livro,Papelaria,4.0,50.0
425,2023-05-19,Livro,Papelaria,9.0,50.0
426,2023-05-20,Livro,Papelaria,5.0,50.0
427,2023-05-20,Camiseta,Vestuário,9.0,80.0
428,2023-05-21,Fogão,Eletrodomésticos,4.0,1500.0
429,2023-05-21,Livro,Papelaria,5.0,50.0
430,2023-05-21,Caneta,Papelaria,9.0,5.0
431,2023-05-22,Caneta,Papelaria,8.0,5.0
432,2023-05-23,Caneta,Papelaria,3.0,5.0
433,2023-05-23,Geladeira,Eletrodomésticos,1.0,2500.0
434,2023-05-24,Caneta,Papelaria,3.0,5.0
435,2023-05-25,Livro,Papelaria,4.0,50.0
436,2023-05-25,Caneta,Papelaria,2.0,5.0
437,2023-05-25,Tênis,Calçados,1.0,300.0
438,2023-05-25,Livro,Papelaria,7.0,50.0
439,2023-05-25,Smartphone,Eletrônicos,8.0,2000.0
440,2023-05-26,Geladeira,Eletrodomésticos,7.0,2500.0
441,2023-05-26,Caneta,Papelaria,5.0,5.0
442,2023-05-27,Caneta,Papelaria,1.0,5.0
443,2023-05-27,Caneta,Papelaria,7.0,5.0
444,2023-05-27,Livro,Papelaria,7.0,50.0
445,2023-05-27,Notebook,Eletrônicos,9.0,3500.0
446,2023-05-27,Livro,Papelaria,3.0,50.0
447,2023-05-28,Smartphone,Eletrônicos,9.0,2000.0
448,2023-05-28,Livro,Papelaria,1.0,50.0
449,2023-05-28,Notebook,Eletrônicos,1.0,3500.0
450,2023-05-29,Caneta,Papelaria,4.0,5.0
451,2023-05-29,Geladeira,Eletrodomésticos,9.0,2500.0
452,2023-05-29,Caneta,Papelaria,6.0,5.0
453,2023-05-29,Livro,Papelaria,3.0,50.0
454,2023-05-30,Livro,Papelaria,1.0,50.0
455,2023-05-30,Sandália,Calçados,4.0,150.0
456,2023-05-30,Caneta,Papelaria,9.0,5.0
457,2023-05-30,Caneta,Papelaria,3.0,5.0
458,2023-05-31,Livro,Papelaria,9.0,50.0
459,2023-05-31,Caneta,Papelaria,7.0,5.0
460,2023-05-31,Caneta,Papelaria,4.0,5.0
461,2023-06-01,Smartphone,Eletrônicos,3.0,2000.0
462,2023-06-01,Camiseta,Vestuário,5.0,80.0
463,2023-06-01,Smartphone,Eletrônicos,5.0,2000.0
464,2023-06-01,Sandália,Calçados,3.0,150.0
465,2023-06-02,Smartphone,Eletrônicos,9.0,2000.0
466,2023-06-03,Notebook,Eletrônicos,4.0,3500.0
467,2023-06-03,Smartphone,Eletrônicos,5.0,2000.0
468,2023-06-03,Fogão,Eletrodomésticos,4.0,1500.0
469,2023-06-03,Smartphone,Eletrônicos,5.0,2000.0
470,2023-06-04,Smartphone,Eletrônicos,7.0,2000.0
471,2023-06-05,Notebook,Eletrônicos,9.0,3500.0
472,2023-06-05,Notebook,Eletrônicos,7.0,3500.0
473,2023-06-05,Calça,Vestuário,5.0,120.0
474,2023-06-06,Smartphone,Eletrônicos,7.0,2000.0
475,2023-06-06,Geladeira,Eletrodomésticos,5.0,2500.0
476,2023-06-06,Sandália,Calçados,3.0,150.0
477,2023-06-07,Notebook,Eletrônicos,7.0,3500.0
478,2023-06-07,Livro,Papelaria,2.0,50.0
479,2023-06-07,Notebook,Eletrônicos,9.0,3500.0
480,2023-06-07,Camiseta,Vestuário,1.0,80.0
481,2023-06-07,Smartphone,Eletrônicos,6.0,2000.0
482,2023-06-08,Fogão,Eletrodomésticos,7.0,1500.0
483,2023-06-08,Fogão,Eletrodomésticos,8.0,1500.0
484,2023-06-09,Smartphone,Eletrônicos,9.0,2000.0
485,2023-06-09,Notebook,Eletrônicos,2.0,3500.0
486,2023-06-09,Smartphone,Eletrônicos,2.0,2000.0
487,2023-06-09,Smartphone,Eletrônicos,5.0,2000.0
488,2023-06-10,Smartphone,Eletrônicos,5.0,2000.0
489,2023-06-10,Geladeira,Eletrodomésticos,6.0,2500.0
490,2023-06-11,Geladeira,Eletrodomésticos,3.0,2500.0
491,2023-06-11,Smartphone,Eletrônicos,8.0,2000.0
492,2023-06-11,Caneta,Papelaria,1.0,5.0
493,2023-06-11,Geladeira,Eletrodomésticos,6.0,2500.0
494,2023-06-12,Camiseta,Vestuário,4.0,80.0
495,2023-06-12,Smartphone,Eletrônicos,1.0,2000.0
496,2023-06-12,Smartphone,Eletrônicos,7.0,2000.0
497,2023-06-13,Camiseta,Vestuário,9.0,80.0
498,2023-06-14,Notebook,Eletrônicos,4.0,3500.0
499,2023-06-14,Geladeira,Eletrodomésticos,4.0,2500.0
500,2023-06-14,Calça,Vestuário,6.0,120.0
501,2023-06-15,Notebook,Eletrônicos,3.0,3500.0
502,2023-06-15,Camiseta,Vestuário,6.0,80.0
503,2023-06-16,Camiseta,Vestuário,7.0,80.0
504,2023-06-16,Caneta,Papelaria,3.0,5.0
505,2023-06-16,Geladeira,Eletrodomésticos,7.0,2500.0
506,2023-06-17,Caneta,Papelaria,3.0,5.0
507,2023-06-17,Tênis,Calçados,2.0,300.0
508,2023-06-17,Smartphone,Eletrônicos,4.0,2000.0
509,2023-06-18,Notebook,Eletrônicos,8.0,3500.0
510,2023-06-18,Notebook,Eletrônicos,9.0,3500.0
511,2023-06-18,Geladeira,Eletrodomésticos,7.0,2500.0
512,2023-06-19,Notebook,Eletrônicos,1.0,3500.0
513,2023-06-19,Notebook,Eletrônicos,3.0,3500.0
514,2023-06-19,Smartphone,Eletrônicos,9.0,2000.0
515,2023-06-20,Fogão,Eletrodomésticos,1.0,1500.0
516,2023-06-20,Calça,Vestuário,9.0,120.0
517,2023-06-21,Sandália,Calçados,8.0,150.0
518,2023-06-22,Smartphone,Eletrônicos,1.0,2000.0
519,2023-06-22,Smartphone,Eletrônicos,6.0,2000.0
520,2023-06-22,Smartphone,Eletrônicos,5.0,2000.0
521,2023-06-22,Caneta,Papelaria,6.0,5.0
522,2023-06-22,Smartphone,Eletrônicos,5.0,2000.0
523,2023-06-23,Notebook,Eletrônicos,6.0,3500.0
524,2023-06-23,Notebook,Eletrônicos,5.0,3500.0
525,2023-06-23,Smartphone,Eletrônicos,5.0,2000.0
526,2023-06-23,Geladeira,Eletrodomésticos,4.0,2500.0
527,2023-06-24,Notebook,Eletrônicos,3.0,3500.0
528,2023-06-25,Livro,Papelaria,3.0,50.0
529,2023-06-25,Notebook,Eletrônicos,4.0,3500.0
530,2023-06-25,Notebook,Eletrônicos,9.0,3500.0
531,2023-06-25,Geladeira,Eletrodomésticos,2.0,2500.0
532,2023-06-25,Smartphone,Eletrônicos,9.0,2000.0
533,2023-06-26,Calça,Vestuário,1.0,120.0
534,2023-06-26,Notebook,Eletrônicos,1.0,3500.0
535,2023-06-26,Geladeira,Eletrodomésticos,5.0,2500.0
536,2023-06-26,Smartphone,Eletrônicos,6.0,2000.0
537,2023-06-26,Smartphone,Eletrônicos,6.0,2000.0
538,2023-06-27,Caneta,Papelaria,3.0,5.0
539,2023-06-27,Smartphone,Eletrônicos,7.0,2000.0
540,2023-06-27,Fogão,Eletrodomésticos,9.0,1500.0
541,2023-06-27,Fogão,Eletrodomésticos,8.0,1500.0
542,2023-06-27,Camiseta,Vestuário,6.0,80.0
543,2023-06-28,Fogão,Eletrodomésticos,8.0,1500.0
544,2023-06-28,Smartphone,Eletrônicos,5.0,2000.0
545,2023-06-29,Notebook,Eletrônicos,8.0,3500.0
546,2023-06-30,Geladeira,Eletrodomésticos,4.0,2500.0
547,2023-06-30,Notebook,Eletrônicos,8.0,3500.0
548,2023-07-01,Smartphone,Eletrônicos,2.0,2000.0
549,2023-07-01,Geladeira,Eletrodomésticos,5.0,2500.0
550,2023-07-01,Smartphone,Eletrônicos,9.0,2000.0
551,2023-07-01,Notebook,Eletrônicos,4.0,3500.0
552,2023-07-02,Camiseta,Vestuário,6.0,80.0
553,2023-07-02,Smartphone,Eletrônicos,1.0,2000.0
554,2023-07-02,Fogão,Eletrodomésticos,9.0,1500.0
555,2023-07-03,Calça,Vestuário,1.0,120.0
556,2023-07-03,Fogão,Eletrodomésticos,5.0,1500.0
557,2023-07-03,Fogão,Eletrodomésticos,4.0,1500.0
558,2023-07-04,Smartphone,Eletrônicos,3.0,2000.0
559,2023-07-04,Geladeira,Eletrodomésticos,6.0,2500.0
560,2023-07-05,Livro,Papelaria,2.0,50.0
561,2023-07-05,Tênis,Calçados,3.0,300.0
562,2023-07-06,Notebook,Eletrônicos,5.0,3500.0
563,2023-07-07,Geladeira,Eletrodomésticos,9.0,2500.0
564,2023-07-07,Tênis,Calçados,2.0,300.0
565,2023-07-07,Livro,Papelaria,8.0,50.0
566,2023-07-08,Notebook,Eletrônicos,2.0,3500.0
567,2023-07-08,Fogão,Eletrodomésticos,5.0,1500.0
568,2023-07-08,Fogão,Eletrodomésticos,7.0,1500.0
569,2023-07-08,Livro,Papelaria,8.0,50.0
570,2023-07-09,Geladeira,Eletrodomésticos,1.0,2500.0
571,2023-07-09,Smartphone,Eletrônicos,6.0,2000.0
572,2023-07-09,Geladeira,Eletrodomésticos,1.0,2500.0
573,2023-07-09,Sandália,Calçados,2.0,150.0
574,2023-07-09,Camiseta,Vestuário,1.0,80.0
575,2023-07-10,Smartphone,Eletrônicos,5.0,2000.0
576,2023-07-10,Notebook,Eletrônicos,9.0,3500.0
577,2023-07-10,Caneta,Papelaria,6.0,5.0
578,2023-07-10,Tênis,Calçados,1.0,300.0
579,2023-07-10,Geladeira,Eletrodomésticos,1.0,2500.0
580,2023-07-11,Caneta,Papelaria,2.0,5.0
581,2023-07-12,Geladeira,Eletrodomésticos,9.0,2500.0
582,2023-07-12,Calça,Vestuário,3.0,120.0
583,2023-07-12,Notebook,Eletrônicos,1.0,3500.0
584,2023-07-13,Fogão,Eletrodomésticos,5.0,1500.0
585,2023-07-13,Livro,Papelaria,7.0,50.0
586,2023-07-13,Notebook,Eletrônicos,6.0,3500.0
587,2023-07-13,Geladeira,Eletrodomésticos,1.0,2500.0
588,2023-07-13,Fogão,Eletrodomésticos,5.0,1500.0
589,2023-07-14,Caneta,Papelaria,5.0,5.0
590,2023-07-14,Smartphone,Eletrônicos,6.0,2000.0
591,2023-07-14,Smartphone,Eletrônicos,3.0,2000.0
592,2023-07-14,Smartphone,Eletrônicos,5.0,2000.0
593,2023-07-15,Sandália,Calçados,7.0,150.0
594,2023-07-16,Smartphone,Eletrônicos,5.0,2000.0
595,2023-07-16,Smartphone,Eletrônicos,5.0,2000.0
596,2023-07-16,Fogão,Eletrodomésticos,5.0,1500.0
597,2023-07-17,Tênis,Calçados,3.0,300.0
598,2023-07-17,Geladeira,Eletrodomésticos,1.0,2500.0
599,2023-07-17,Smartphone,Eletrônicos,5.0,2000.0
600,2023-07-17,Smartphone,Eletrônicos,9.0,2000.0
601,2023-07-18,Notebook,Eletrônicos,1.0,3500.0
602,2023-07-18,Calça,Vestuário,3.0,120.0
603,2023-07-18,Sandália,Calçados,4.0,150.0
604,2023-07-19,Fogão,Eletrodomésticos,1.0,1500.0
605,2023-07-20,Smartphone,Eletrônicos,1.0,2000.0
606,2023-07-20,Notebook,Eletrônicos,8.0,3500.0
607,2023-07-20,Geladeira,Eletrodomésticos,2.0,2500.0
608,2023-07-20,Fogão,Eletrodomésticos,8.0,1500.0
609,2023-07-20,Smartphone,Eletrônicos,7.0,2000.0
610,2023-07-21,Calça,Vestuário,2.0,120.0
611,2023-07-21,Notebook,Eletrônicos,6.0,3500.0
612,2023-07-21,Geladeira,Eletrodomésticos,6.0,2500.0
613,2023-07-21,Livro,Papelaria,3.0,50.0
614,2023-07-22,Sandália,Calçados,2.0,150.0
615,2023-07-22,Smartphone,Eletrônicos,1.0,2000.0
616,2023-07-22,Notebook,Eletrônicos,6.0,3500.0
617,2023-07-22,Fogão,Eletrodomésticos,5.0,1500.0
618,2023-07-23,Camiseta,Vestuário,9.0,80.0
619,2023-07-23,Smartphone,Eletrônicos,1.0,2000.0
620,2023-07-24,Geladeira,Eletrodomésticos,7.0,2500.0
621,2023-07-25,Notebook,Eletrônicos,5.0,3500.0
622,2023-07-26,Smartphone,Eletrônicos,5.0,2000.0
623,2023-07-27,Fogão,Eletrodomésticos,2.0,1500.0
624,2023-07-28,Smartphone,Eletrônicos,3.0,2000.0
625,2023-07-28,Camiseta,Vestuário,7.0,80.0
626,2023-07-29,Camiseta,Vestuário,6.0,80.0
627,2023-07-29,Smartphone,Eletrônicos,2.0,2000.0
628,2023-07-29,Smartphone,Eletrônicos,6.0,2000.0
629,2023-07-29,Smartphone,Eletrônicos,2.0,2000.0
630,2023-07-29,Smartphone,Eletrônicos,2.0,2000.0
631,2023-07-30,Smartphone,Eletrônicos,2.0,2000.0
632,2023-07-30,Livro,Papelaria,3.0,50.0
633,2023-07-31,Camiseta,Vestuário,2.0,80.0
634,2023-07-31,Notebook,Eletrônicos,4.0,3500.0
635,2023-07-31,Notebook,Eletrônicos,9.0,3500.0
636,2023-07-31,Calça,Vestuário,6.0,120.0
637,2023-07-31,Sandália,Calçados,1.0,150.0
638,2023-08-01,Livro,Papelaria,8.0,50.0
639,2023-08-01,Fogão,Eletrodomésticos,7.0,1500.0
640,2023-08-01,Tênis,Calçados,3.0,300.0
641,2023-08-02,Camiseta,Vestuário,1.0,80.0
642,2023-08-02,Tênis,Calçados,5.0,300.0
643,2023-08-02,Fogão,Eletrodomésticos,4.0,1500.0
644,2023-08-03,Sandália,Calçados,8.0,150.0
645,2023-08-03,Geladeira,Eletrodomésticos,1.0,2500.0
646,2023-08-03,Fogão,Eletrodomésticos,1.0,1500.0
647,2023-08-03,Geladeira,Eletrodomésticos,4.0,2500.0
648,2023-08-04,Geladeira,Eletrodomésticos,8.0,2500.0
649,2023-08-04,Livro,Papelaria,5.0,50.0
650,2023-08-04,Sandália,Calçados,2.0,150.0
651,2023-08-04,Caneta,Papelaria,6.0,5.0
652,2023-08-04,Geladeira,Eletrodomésticos,5.0,2500.0
653,2023-08-05,Geladeira,Eletrodomésticos,2.0,2500.0
654,2023-08-05,Calça,Vestuário,3.0,120.0
655,2023-08-05,Notebook,Eletrônicos,9.0,3500.0
656,2023-08-05,Camiseta,Vestuário,7.0,80.0
657,2023-08-06,Geladeira,Eletrodomésticos,7.0,2500.0
658,2023-08-06,Fogão,Eletrodomésticos,6.0,1500.0
659,2023-08-06,Tênis,Calçados,8.0,300.0
660,2023-08-06,Caneta,Papelaria,4.0,5.0
661,2023-08-07,Caneta,Papelaria,8.0,5.0
662,2023-08-07,Smartphone,Eletrônicos,4.0,2000.0
663,2023-08-07,Caneta,Papelaria,8.0,5.0
664,2023-08-07,Geladeira,Eletrodomésticos,9.0,2500.0
665,2023-08-08,Sandália,Calçados,3.0,150.0
666,2023-08-09,Notebook,Eletrônicos,3.0,3500.0
667,2023-08-09,Livro,Papelaria,2.0,50.0
668,2023-08-09,Notebook,Eletrônicos,3.0,3500.0
669,2023-08-09,Smartphone,Eletrônicos,3.0,2000.0
670,2023-08-10,Notebook,Eletrônicos,5.0,3500.0
671,2023-08-10,Calça,Vestuário,5.0,120.0
672,2023-08-11,Geladeira,Eletrodomésticos,2.0,2500.0
673,2023-08-11,Fogão,Eletrodomésticos,6.0,1500.0
674,2023-08-11,Fogão,Eletrodomésticos,5.0,1500.0
675,2023-08-12,Sandália,Calçados,6.0,150.0
676,2023-08-12,Sandália,Calçados,1.0,150.0
677,2023-08-12,Geladeira,Eletrodomésticos,5.0,2500.0
678,2023-08-13,Fogão,Eletrodomésticos,9.0,1500.0
679,2023-08-13,Sandália,Calçados,2.0,150.0
680,2023-08-13,Fogão,Eletrodomésticos,1.0,1500.0
681,2023-08-14,Notebook,Eletrônicos,9.0,3500.0
682,2023-08-14,Notebook,Eletrônicos,9.0,3500.0
683,2023-08-14,Fogão,Eletrodomésticos,9.0,1500.0
684,2023-08-14,Livro,Papelaria,6.0,50.0
685,2023-08-14,Caneta,Papelaria,8.0,5.0
686,2023-08-15,Geladeira,Eletrodomésticos,1.0,2500.0
687,2023-08-16,Calça,Vestuário,4.0,120.0
688,2023-08-17,Geladeira,Eletrodomésticos,1.0,2500.0
689,2023-08-18,Livro,Papelaria,8.0,50.0
690,2023-08-18,Notebook,Eletrônicos,1.0,3500.0
691,2023-08-18,Calça,Vestuário,3.0,120.0
692,2023-08-19,Geladeira,Eletrodomésticos,4.0,2500.0
693,2023-08-19,Geladeira,Eletrodomésticos,8.0,2500.0
694,2023-08-19,Geladeira,Eletrodomésticos,6.0,2500.0
695,2023-08-20,Fogão,Eletrodomésticos,7.0,1500.0
696,2023-08-20,Calça,Vestuário,8.0,120.0
697,2023-08-20,Smartphone,Eletrônicos,2.0,2000.0
698,2023-08-20,Notebook,Eletrônicos,8.0,3500.0
699,2023-08-21,Fogão,Eletrodomésticos,3.0,1500.0
700,2023-08-21,Geladeira,Eletrodomésticos,7.0,2500.0
701,2023-08-21,Livro,Papelaria,3.0,50.0
702,2023-08-21,Smartphone,Eletrônicos,7.0,2000.0
703,2023-08-22,Fogão,Eletrodomésticos,2.0,1500.0
704,2023-08-22,Fogão,Eletrodomésticos,6.0,1500.0
705,2023-08-22,Fogão,Eletrodomésticos,3.0,1500.0
706,2023-08-22,Sandália,Calçados,3.0,150.0
707,2023-08-23,Livro,Papelaria,9.0,50.0
708,2023-08-23,Fogão,Eletrodomésticos,7.0,1500.0
709,2023-08-23,Smartphone,Eletrônicos,5.0,2000.0
710,2023-08-23,Geladeira,Eletrodomésticos,7.0,2500.0
711,2023-08-24,Caneta,Papelaria,9.0,5.0
712,2023-08-24,Geladeira,Eletrodomésticos,1.0,2500.0
713,2023-08-24,Caneta,Papelaria,7.0,5.0
714,2023-08-25,Fogão,Eletrodomésticos,6.0,1500.0
715,2023-08-25,Geladeira,Eletrodomésticos,9.0,2500.0
716,2023-08-25,Caneta,Papelaria,1.0,5.0
717,2023-08-26,Smartphone,Eletrônicos,4.0,2000.0
718,2023-08-26,Geladeira,Eletrodomésticos,9.0,2500.0
719,2023-08-26,Geladeira,Eletrodomésticos,4.0,2500.0
720,2023-08-26,Geladeira,Eletrodomésticos,3.0,2500.0
721,2023-08-27,Notebook,Eletrônicos,9.0,3500.0
722,2023-08-27,Tênis,Calçados,2.0,300.0
723,2023-08-27,Geladeira,Eletrodomésticos,4.0,2500.0
724,2023-08-28,Fogão,Eletrodomésticos,6.0,1500.0
725,2023-08-29,Livro,Papelaria,2.0,50.0
726,2023-08-30,Tênis,Calçados,8.0,300.0
727,2023-08-30,Livro,Papelaria,8.0,50.0
728,2023-08-30,Calça,Vestuário,1.0,120.0
729,2023-08-30,Geladeira,Eletrodomésticos,3.0,2500.0
730,2023-08-31,Geladeira,Eletrodomésticos,9.0,2500.0
731,2023-08-31,Smartphone,Eletrônicos,5.0,2000.0
732,2023-08-31,Geladeira,Eletrodomésticos,6.0,2500.0
733,2023-09-01,Fogão,Eletrodomésticos,4.0,1500.0
734,2023-09-01,Livro,Papelaria,2.0,50.0
735,2023-09-02,Geladeira,Eletrodomésticos,8.0,2500.0
736,2023-09-03,Notebook,Eletrônicos,6.0,3500.0
737,2023-09-03,Geladeira,Eletrodomésticos,5.0,2500.0
738,2023-09-03,Smartphone,Eletrônicos,9.0,2000.0
739,2023-09-03,Livro,Papelaria,1.0,50.0
740,2023-09-04,Camiseta,Vestuário,5.0,80.0
741,2023-09-04,Smartphone,Eletrônicos,6.0,2000.0
742,2023-09-04,Smartphone,Eletrônicos,5.0,2000.0
743,2023-09-05,Sandália,Calçados,6.0,150.0
744,2023-09-05,Geladeira,Eletrodomésticos,6.0,2500.0
745,2023-09-05,Fogão,Eletrodomésticos,7.0,1500.0
746,2023-09-05,Geladeira,Eletrodomésticos,4.0,2500.0
747,2023-09-05,Smartphone,Eletrônicos,8.0,2000.0
748,2023-09-06,Caneta,Papelaria,7.0,5.0
749,2023-09-06,Geladeira,Eletrodomésticos,9.0,2500.0
750,2023-09-06,Sandália,Calçados,7.0,150.0
751,2023-09-06,Tênis,Calçados,3.0,300.0
752,2023-09-07,Caneta,Papelaria,3.0,5.0
753,2023-09-07,Smartphone,Eletrônicos,8.0,2000.0
754,2023-09-07,Caneta,Papelaria,5.0,5.0
755,2023-09-07,Sandália,Calçados,4.0,150.0
756,2023-09-08,Caneta,Papelaria,8.0,5.0
757,2023-09-08,Tênis,Calçados,6.0,300.0
758,2023-09-08,Geladeira,Eletrodomésticos,2.0,2500.0
759,2023-09-08,Calça,Vestuário,4.0,120.0
760,2023-09-09,Geladeira,Eletrodomésticos,4.0,2500.0
761,2023-09-10,Fogão,Eletrodomésticos,6.0,1500.0
762,2023-09-11,Fogão,Eletrodomésticos,6.0,1500.0
763,2023-09-11,Tênis,Calçados,1.0,300.0
764,2023-09-11,Livro,Papelaria,8.0,50.0
765,2023-09-12,Fogão,Eletrodomésticos,6.0,1500.0
766,2023-09-13,Notebook,Eletrônicos,3.0,3500.0
767,2023-09-13,Sandália,Calçados,9.0,150.0
768,2023-09-13,Fogão,Eletrodomésticos,2.0,1500.0
769,2023-09-13,Livro,Papelaria,8.0,50.0
770,2023-09-14,Fogão,Eletrodomésticos,3.0,1500.0
771,2023-09-14,Fogão,Eletrodomésticos,5.0,1500.0
772,2023-09-15,Livro,Papelaria,6.0,50.0
773,2023-09-15,Geladeira,Eletrodomésticos,6.0,2500.0
774,2023-09-15,Geladeira,Eletrodomésticos,4.0,2500.0
775,2023-09-15,Smartphone,Eletrônicos,3.0,2000.0
776,2023-09-16,Geladeira,Eletrodomésticos,4.0,2500.0
777,2023-09-17,Smartphone,Eletrônicos,1.0,2000.0
778,2023-09-17,Geladeira,Eletrodomésticos,4.0,2500.0
779,2023-09-17,Fogão,Eletrodomésticos,1.0,1500.0
780,2023-09-17,Geladeira,Eletrodomésticos,1.0,2500.0
781,2023-09-18,Fogão,Eletrodomésticos,6.0,1500.0
782,2023-09-18,Camiseta,Vestuário,5.0,80.0
783,2023-09-18,Livro,Papelaria,4.0,50.0
784,2023-09-19,Fogão,Eletrodomésticos,3.0,1500.0
785,2023-09-19,Camiseta,Vestuário,1.0,80.0
786,2023-09-19,Sandália,Calçados,6.0,150.0
787,2023-09-19,Fogão,Eletrodomésticos,2.0,1500.0
788,2023-09-20,Fogão,Eletrodomésticos,8.0,1500.0
789,2023-09-20,Livro,Papelaria,5.0,50.0
790,2023-09-20,Geladeira,Eletrodomésticos,7.0,2500.0
791,2023-09-20,Fogão,Eletrodomésticos,2.0,1500.0
792,2023-09-21,Geladeira,Eletrodomésticos,8.0,2500.0
793,2023-09-21,Caneta,Papelaria,2.0,5.0
794,2023-09-22,Notebook,Eletrônicos,4.0,3500.0
795,2023-09-22,Fogão,Eletrodomésticos,1.0,1500.0
796,2023-09-22,Fogão,Eletrodomésticos,5.0,1500.0
797,2023-09-23,Notebook,Eletrônicos,9.0,3500.0
798,2023-09-23,Geladeira,Eletrodomésticos,1.0,2500.0
799,2023-09-23,Caneta,Papelaria,9.0,5.0
800,2023-09-24,Notebook,Eletrônicos,8.0,3500.0
801,2023-09-24,Geladeira,Eletrodomésticos,6.0,2500.0
802,2023-09-24,Fogão,Eletrodomésticos,7.0,1500.0
803,2023-09-24,Caneta,Papelaria,3.0,5.0
804,2023-09-25,Calça,Vestuário,1.0,120.0
805,2023-09-26,Caneta,Papelaria,5.0,5.0
806,2023-09-26,Calça,Vestuário,2.0,120.0
807,2023-09-27,Notebook,Eletrônicos,5.0,3500.0
808,2023-09-27,Calça,Vestuário,8.0,120.0
809,2023-09-28,Fogão,Eletrodomésticos,9.0,1500.0
810,2023-09-28,Tênis,Calçados,2.0,300.0
811,2023-09-29,Geladeira,Eletrodomésticos,3.0,2500.0
812,2023-09-29,Smartphone,Eletrônicos,3.0,2000.0
813,2023-09-30,Notebook,Eletrônicos,1.0,3500.0
814,2023-09-30,Sandália,Calçados,8.0,150.0
815,2023-09-30,Smartphone,Eletrônicos,6.0,2000.0
816,2023-09-30,Smartphone,Eletrônicos,8.0,2000.0
817,2023-09-30,Geladeira,Eletrodomésticos,9.0,2500.0
818,2023-10-01,Smartphone,Eletrônicos,5.0,2000.0
819,2023-10-01,Sandália,Calçados,3.0,150.0
820,2023-10-02,Notebook,Eletrônicos,5.0,3500.0
821,2023-10-02,Calça,Vestuário,5.0,120.0
822,2023-10-03,Fogão,Eletrodomésticos,5.0,1500.0
823,2023-10-03,Notebook,Eletrônicos,3.0,3500.0
824,2023-10-04,Notebook,Eletrônicos,4.0,3500.0
825,2023-10-04,Camiseta,Vestuário,9.0,80.0
826,2023-10-04,Fogão,Eletrodomésticos,9.0,1500.0
827,2023-10-05,Fogão,Eletrodomésticos,2.0,1500.0
828,2023-10-06,Fogão,Eletrodomésticos,8.0,1500.0
829,2023-10-06,Smartphone,Eletrônicos,8.0,2000.0
830,2023-10-06,Fogão,Eletrodomésticos,7.0,1500.0
831,2023-10-07,Notebook,Eletrônicos,8.0,3500.0
832,2023-10-07,Calça,Vestuário,3.0,120.0
833,2023-10-07,Sandália,Calçados,6.0,150.0
834,2023-10-07,Fogão,Eletrodomésticos,1.0,1500.0
835,2023-10-07,Fogão,Eletrodomésticos,7.0,1500.0
836,2023-10-08,Notebook,Eletrônicos,1.0,3500.0
837,2023-10-09,Tênis,Calçados,9.0,300.0
838,2023-10-09,Geladeira,Eletrodomésticos,1.0,2500.0
839,2023-10-09,Smartphone,Eletrônicos,1.0,2000.0
840,2023-10-09,Camiseta,Vestuário,7.0,80.0
841,2023-10-10,Notebook,Eletrônicos,2.0,3500.0
842,2023-10-10,Notebook,Eletrônicos,5.0,3500.0
843,2023-10-10,Fogão,Eletrodomésticos,8.0,1500.0
844,2023-10-10,Notebook,Eletrônicos,8.0,3500.0
845,2023-10-11,Fogão,Eletrodomésticos,3.0,1500.0
846,2023-10-11,Fogão,Eletrodomésticos,7.0,1500.0
847,2023-10-11,Camiseta,Vestuário,3.0,80.0
848,2023-10-12,Caneta,Papelaria,6.0,5.0
849,2023-10-12,Fogão,Eletrodomésticos,6.0,1500.0
850,2023-10-12,Fogão,Eletrodomésticos,3.0,1500.0
851,2023-10-12,Fogão,Eletrodomésticos,7.0,1500.0
852,2023-10-13,Calça,Vestuário,3.0,120.0
853,2023-10-14,Sandália,Calçados,8.0,150.0
854,2023-10-15,Camiseta,Vestuário,4.0,80.0
855,2023-10-15,Geladeira,Eletrodomésticos,1.0,2500.0
856,2023-10-15,Fogão,Eletrodomésticos,4.0,1500.0
857,2023-10-15,Geladeira,Eletrodomésticos,7.0,2500.0
858,2023-10-15,Geladeira,Eletrodomésticos,4.0,2500.0
859,2023-10-16,Geladeira,Eletrodomésticos,6.0,2500.0
860,2023-10-16,Camiseta,Vestuário,9.0,80.0
861,2023-10-16,Geladeira,Eletrodomésticos,1.0,2500.0
862,2023-10-16,Geladeira,Eletrodomésticos,5.0,2500.0
863,2023-10-17,Geladeira,Eletrodomésticos,7.0,2500.0
864,2023-10-17,Smartphone,Eletrônicos,1.0,2000.0
865,2023-10-17,Livro,Papelaria,4.0,50.0
866,2023-10-18,Notebook,Eletrônicos,6.0,3500.0
867,2023-10-19,Notebook,Eletrônicos,2.0,3500.0
868,2023-10-20,Camiseta,Vestuário,5.0,80.0
869,2023-10-21,Tênis,Calçados,1.0,300.0
870,2023-10-21,Fogão,Eletrodomésticos,6.0,1500.0
871,2023-10-21,Fogão,Eletrodomésticos,6.0,1500.0
872,2023-10-22,Fogão,Eletrodomésticos,4.0,1500.0
873,2023-10-22,Fogão,Eletrodomésticos,8.0,1500.0
874,2023-10-22,Geladeira,Eletrodomésticos,4.0,2500.0
875,2023-10-22,Sandália,Calçados,8.0,150.0
876,2023-10-22,Livro,Papelaria,8.0,50.0
877,2023-10-23,Sandália,Calçados,5.0,150.0
878,2023-10-23,Camiseta,Vestuário,4.0,80.0
879,2023-10-23,Caneta,Papelaria,2.0,5.0
880,2023-10-23,Fogão,Eletrodomésticos,3.0,1500.0
881,2023-10-24,Smartphone,Eletrônicos,3.0,2000.0
882,2023-10-24,Fogão,Eletrodomésticos,4.0,1500.0
883,2023-10-24,Smartphone,Eletrônicos,4.0,2000.0
884,2023-10-25,Geladeira,Eletrodomésticos,5.0,2500.0
885,2023-10-25,Smartphone,Eletrônicos,4.0,2000.0
886,2023-10-25,Tênis,Calçados,8.0,300.0
887,2023-10-25,Geladeira,Eletrodomésticos,6.0,2500.0
888,2023-10-26,Fogão,Eletrodomésticos,6.0,1500.0
889,2023-10-26,Tênis,Calçados,8.0,300.0
890,2023-10-26,Tênis,Calçados,7.0,300.0
891,2023-10-27,Fogão,Eletrodomésticos,8.0,1500.0
892,2023-10-27,Fogão,Eletrodomésticos,2.0,1500.0
893,2023-10-27,Notebook,Eletrônicos,9.0,3500.0
894,2023-10-27,Livro,Papelaria,1.0,50.0
895,2023-10-27,Tênis,Calçados,8.0,300.0
896,2023-10-28,Notebook,Eletrônicos,4.0,3500.0
897,2023-10-28,Geladeira,Eletrodomésticos,4.0,2500.0
898,2023-10-28,Calça,Vestuário,5.0,120.0
899,2023-10-29,Geladeira,Eletrodomésticos,8.0,2500.0
900,2023-10-29,Smartphone,Eletrônicos,5.0,2000.0
901,2023-10-29,Smartphone,Eletrônicos,8.0,2000.0
902,2023-10-30,Notebook,Eletrônicos,1.0,3500.0
903,2023-10-30,Camiseta,Vestuário,9.0,80.0
904,2023-10-30,Caneta,Papelaria,6.0,5.0
905,2023-10-30,Notebook,Eletrônicos,3.0,3500.0
906,2023-10-31,Geladeira,Eletrodomésticos,8.0,2500.0
907,2023-10-31,Geladeira,Eletrodomésticos,9.0,2500.0
908,2023-10-31,Geladeira,Eletrodomésticos,6.0,2500.0
909,2023-10-31,Geladeira,Eletrodomésticos,7.0,2500.0
910,2023-10-31,Camiseta,Vestuário,1.0,80.0
911,2023-11-01,Calça,Vestuário,5.0,120.0
912,2023-11-01,Sandália,Calçados,5.0,150.0
913,2023-11-01,Smartphone,Eletrônicos,4.0,2000.0
914,2023-11-01,Tênis,Calçados,6.0,300.0
915,2023-11-01,Notebook,Eletrônicos,7.0,3500.0
916,2023-11-02,Smartphone,Eletrônicos,9.0,2000.0
917,2023-11-03,Camiseta,Vestuário,1.0,80.0
918,2023-11-03,Fogão,Eletrodomésticos,6.0,1500.0
919,2023-11-03,Smartphone,Eletrônicos,7.0,2000.0
920,2023-11-03,Tênis,Calçados,3.0,300.0
921,2023-11-04,Geladeira,Eletrodomésticos,8.0,2500.0
922,2023-11-05,Smartphone,Eletrônicos,5.0,2000.0
923,2023-11-06,Camiseta,Vestuário,9.0,80.0
924,2023-11-06,Calça,Vestuário,5.0,120.0
925,2023-11-06,Notebook,Eletrônicos,9.0,3500.0
926,2023-11-06,Fogão,Eletrodomésticos,4.0,1500.0
927,2023-11-06,Calça,Vestuário,9.0,120.0
928,2023-11-07,Smartphone,Eletrônicos,5.0,2000.0
929,2023-11-08,Tênis,Calçados,9.0,300.0
930,2023-11-08,Tênis,Calçados,3.0,300.0
931,2023-11-09,Geladeira,Eletrodomésticos,4.0,2500.0
932,2023-11-09,Notebook,Eletrônicos,9.0,3500.0
933,2023-11-09,Tênis,Calçados,6.0,300.0
934,2023-11-10,Notebook,Eletrônicos,2.0,3500.0
935,2023-11-10,Camiseta,Vestuário,7.0,80.0
936,2023-11-11,Camiseta,Vestuário,2.0,80.0
937,2023-11-11,Sandália,Calçados,2.0,150.0
938,2023-11-12,Notebook,Eletrônicos,1.0,3500.0
939,2023-11-12,Sandália,Calçados,3.0,150.0
940,2023-11-12,Notebook,Eletrônicos,6.0,3500.0
941,2023-11-13,Camiseta,Vestuário,8.0,80.0
942,2023-11-14,Sandália,Calçados,9.0,150.0
943,2023-11-15,Fogão,Eletrodomésticos,7.0,1500.0
944,2023-11-15,Fogão,Eletrodomésticos,4.0,1500.0
945,2023-11-15,Calça,Vestuário,6.0,120.0
946,2023-11-15,Smartphone,Eletrônicos,5.0,2000.0
947,2023-11-15,Fogão,Eletrodomésticos,8.0,1500.0
948,2023-11-16,Smartphone,Eletrônicos,1.0,2000.0
949,2023-11-16,Livro,Papelaria,1.0,50.0
950,2023-11-16,Camiseta,Vestuário,6.0,80.0
951,2023-11-17,Notebook,Eletrônicos,2.0,3500.0
952,2023-11-17,Sandália,Calçados,5.0,150.0
953,2023-11-17,Smartphone,Eletrônicos,1.0,2000.0
954,2023-11-18,Fogão,Eletrodomésticos,7.0,1500.0
955,2023-11-18,Notebook,Eletrônicos,1.0,3500.0
956,2023-11-18,Sandália,Calçados,4.0,150.0
957,2023-11-18,Tênis,Calçados,9.0,300.0
958,2023-11-18,Smartphone,Eletrônicos,1.0,2000.0
959,2023-11-19,Notebook,Eletrônicos,4.0,3500.0
960,2023-11-19,Calça,Vestuário,6.0,120.0
961,2023-11-20,Camiseta,Vestuário,6.0,80.0
962,2023-11-20,Livro,Papelaria,8.0,50.0
963,2023-11-20,Geladeira,Eletrodomésticos,1.0,2500.0
964,2023-11-20,Tênis,Calçados,7.0,300.0
965,2023-11-20,Sandália,Calçados,1.0,150.0
966,2023-11-21,Smartphone,Eletrônicos,7.0,2000.0
967,2023-11-21,Notebook,Eletrônicos,3.0,3500.0
968,2023-11-22,Smartphone,Eletrônicos,8.0,2000.0
969,2023-11-22,Smartphone,Eletrônicos,3.0,2000.0
970,2023-11-23,Smartphone,Eletrônicos,1.0,2000.0
971,2023-11-24,Camiseta,Vestuário,8.0,80.0
972,2023-11-24,Camiseta,Vestuário,3.0,80.0
973,2023-11-24,Calça,Vestuário,2.0,120.0
974,2023-11-24,Calça,Vestuário,1.0,120.0
975,2023-11-25,Calça,Vestuário,3.0,120.0
976,2023-11-25,Caneta,Papelaria,2.0,5.0
977,2023-11-25,Geladeira,Eletrodomésticos,2.0,2500.0
978,2023-11-25,Caneta,Papelaria,6.0,5.0
979,2023-11-25,Geladeira,Eletrodomésticos,1.0,2500.0
980,2023-11-26,Notebook,Eletrônicos,2.0,3500.0
981,2023-11-26,Fogão,Eletrodomésticos,6.0,1500.0
982,2023-11-26,Geladeira,Eletrodomésticos,3.0,2500.0
983,2023-11-26,Smartphone,Eletrônicos,4.0,2000.0
984,2023-11-27,Geladeira,Eletrodomésticos,1.0,2500.0
985,2023-11-28,Geladeira,Eletrodomésticos,8.0,2500.0
986,2023-11-29,Notebook,Eletrônicos,7.0,3500.0
987,2023-11-29,Geladeira,Eletrodomésticos,7.0,2500.0
988,2023-11-29,Smartphone,Eletrônicos,3.0,2000.0
989,2023-11-29,Calça,Vestuário,3.0,120.0
990,2023-11-30,Calça,Vestuário,2.0,120.0
991,2023-12-01,Fogão,Eletrodomésticos,1.0,1500.0
992,2023-12-01,Calça,Vestuário,7.0,120.0
993,2023-12-01,Caneta,Papelaria,7.0,5.0
994,2023-12-01,Tênis,Calçados,2.0,300.0
995,2023-12-01,Notebook,Eletrônicos,7.0,3500.0
996,2023-12-02,Calça,Vestuário,8.0,120.0
997,2023-12-02,Geladeira,Eletrodomésticos,1.0,2500.0
998,2023-12-02,Camiseta,Vestuário,9.0,80.0
999,2023-12-02,Smartphone,Eletrônicos,7.0,2000.0
1000,2023-12-02,Notebook,Eletrônicos,3.0,3500.0
1001,2023-12-03,Sandália,Calçados,8.0,150.0
1002,2023-12-04,Caneta,Papelaria,7.0,5.0
1003,2023-12-04,Notebook,Eletrônicos,8.0,3500.0
1004,2023-12-04,Calça,Vestuário,6.0,120.0
1005,2023-12-05,Smartphone,Eletrônicos,9.0,2000.0
1006,2023-12-06,Caneta,Papelaria,5.0,5.0
1007,2023-12-06,Camiseta,Vestuário,3.0,80.0
1008,2023-12-06,Calça,Vestuário,3.0,120.0
1009,2023-12-06,Geladeira,Eletrodomésticos,1.0,2500.0
1010,2023-12-07,Fogão,Eletrodomésticos,8.0,1500.0
1011,2023-12-07,Tênis,Calçados,2.0,300.0
1012,2023-12-07,Calça,Vestuário,3.0,120.0
1013,2023-12-08,Tênis,Calçados,8.0,300.0
1014,2023-12-09,Notebook,Eletrônicos,8.0,3500.0
1015,2023-12-09,Notebook,Eletrônicos,4.0,3500.0
1016,2023-12-09,Calça,Vestuário,4.0,120.0
1017,2023-12-10,Smartphone,Eletrônicos,5.0,2000.0
1018,2023-12-10,Sandália,Calçados,6.0,150.0
1019,2023-12-10,Caneta,Papelaria,5.0,5.0
1020,2023-12-11,Sandália,Calçados,7.0,150.0
1021,2023-12-11,Geladeira,Eletrodomésticos,2.0,2500.0
1022,2023-12-11,Calça,Vestuário,7.0,120.0
1023,2023-12-11,Notebook,Eletrônicos,7.0,3500.0
1024,2023-12-11,Geladeira,Eletrodomésticos,1.0,2500.0
1025,2023-12-12,Notebook,Eletrônicos,7.0,3500.0
1026,2023-12-12,Tênis,Calçados,5.0,300.0
1027,2023-12-12,Notebook,Eletrônicos,3.0,3500.0
1028,2023-12-12,Camiseta,Vestuário,3.0,80.0
1029,2023-12-13,Sandália,Calçados,4.0,150.0
1030,2023-12-13,Calça,Vestuário,2.0,120.0
1031,2023-12-13,Sandália,Calçados,2.0,150.0
1032,2023-12-14,Notebook,Eletrônicos,1.0,3500.0
1033,2023-12-14,Calça,Vestuário,5.0,120.0
1034,2023-12-14,Camiseta,Vestuário,4.0,80.0
1035,2023-12-14,Notebook,Eletrônicos,2.0,3500.0
1036,2023-12-14,Geladeira,Eletrodomésticos,3.0,2500.0
1037,2023-12-15,Geladeira,Eletrodomésticos,7.0,2500.0
1038,2023-12-15,Tênis,Calçados,7.0,300.0
1039,2023-12-16,Smartphone,Eletrônicos,4.0,2000.0
1040,2023-12-16,Notebook,Eletrônicos,5.0,3500.0
1041,2023-12-17,Smartphone,Eletrônicos,5.0,2000.0
1042,2023-12-18,Camiseta,Vestuário,6.0,80.0
1043,2023-12-19,Sandália,Calçados,9.0,150.0
1044,2023-12-19,Sandália,Calçados,2.0,150.0
1045,2023-12-19,Notebook,Eletrônicos,5.0,3500.0
1046,2023-12-19,Geladeira,Eletrodomésticos,3.0,2500.0
1047,2023-12-19,Tênis,Calçados,4.0,300.0
1048,2023-12-20,Calça,Vestuário,6.0,120.0
1049,2023-12-20,Smartphone,Eletrônicos,8.0,2000.0
1050,2023-12-21,Sandália,Calçados,1.0,150.0
1051,2023-12-21,Tênis,Calçados,8.0,300.0
1052,2023-12-22,Tênis,Calçados,7.0,300.0
1053,2023-12-22,Notebook,Eletrônicos,1.0,3500.0
1054,2023-12-23,Calça,Vestuário,2.0,120.0
1055,2023-12-23,Smartphone,Eletrônicos,3.0,2000.0
1056,2023-12-23,Fogão,Eletrodomésticos,1.0,1500.0
1057,2023-12-24,Tênis,Calçados,9.0,300.0
1058,2023-12-24,Tênis,Calçados,8.0,300.0
1059,2023-12-24,Smartphone,Eletrônicos,2.0,2000.0
1060,2023-12-25,Geladeira,Eletrodomésticos,9.0,2500.0
1061,2023-12-25,Sandália,Calçados,7.0,150.0
1062,2023-12-26,Livro,Papelaria,9.0,50.0
1063,2023-12-26,Smartphone,Eletrônicos,6.0,2000.0
1064,2023-12-26,Calça,Vestuário,6.0,120.0
1065,2023-12-26,Camiseta,Vestuário,4.0,80.0
1066,2023-12-27,Camiseta,Vestuário,2.0,80.0
1067,2023-12-27,Smartphone,Eletrônicos,7.0,2000.0
1068,2023-12-27,Fogão,Eletrodomésticos,5.0,1500.0
1069,2023-12-27,Camiseta,Vestuário,6.0,80.0
1070,2023-12-28,Sandália,Calçados,2.0,150.0
1071,2023-12-28,Sandália,Calçados,5.0,150.0
1072,2023-12-29,Sandália,Calçados,4.0,150.0
1073,2023-12-29,Notebook,Eletrônicos,9.0,3500.0
1074,2023-12-30,Sandália,Calçados,6.0,150.0
1075,2023-12-30,Camiseta,Vestuário,2.0,80.0
1076,2023-12-30,Notebook,Eletrônicos,1.0,3500.0
1077,2023-12-30,Sandália,Calçados,5.0,150.0
1078,2023-12-31,Smartphone,Eletrônicos,9.0,2000.0
